Workbook

Sheet Biaya dasar
A1: Biaya dasar (estimasi bottom-up) per lokasi
A2: Sel biru = angka masukan yang boleh diubah; sel hitam = rumus. Harga marketplace Indonesia, Oktober 2026.
A4: No | B4: Komponen per lokasi | C4: Spesifikasi | D4: Jml | E4: Harga satuan (Rp) | F4: Subtotal (Rp)
A5: 1 | B5: Water meter keluar multi-jet kuningan | C5: DN40 kelas B + modul pulsa 10 L | D5: 1 | E5: 1600000 | F5: =D5*E5 -> 1600000
A6: 2 | B6: Water meter masuk multi-jet kuningan | C6: DN20/DN25 kelas B + modul pulsa 10 L | D6: 1 | E6: 1050000 | F6: =D6*E6 -> 1050000
A7: 3 | B7: Strainer Y kuningan | C7: 1,5 inci | D7: 1 | E7: 200000 | F7: =D7*E7 -> 200000
A8: 4 | B8: Sensor level tekanan hidrostatik | C8: 0–2 mH2O, 4–20 mA, tee dan shunt | D8: 1 | E8: 280000 | F8: =D8*E8 -> 280000
A9: 5 | B9: Fitting, union, tee, seal tape, lem | D9: 1 | E9: 200000 | F9: =D9*E9 -> 200000
A10: 6 | B10: ESP32 DevKit V1 | D10: 1 | E10: 75000 | F10: =D10*E10 -> 75000
A11: 7 | B11: Modul 4G SIM7600 dan antena | D11: 1 | E11: 500000 | F11: =D11*E11 -> 500000
A12: 8 | B12: Kartu SIM IM3 | C12: paket 1 GB | D12: 1 | E12: 50000 | F12: =D12*E12 -> 50000
A13: 9 | B13: Modul RTC DS3231 dan microSD 8 GB | D13: 1 | E13: 85000 | F13: =D13*E13 -> 85000
A14: 10 | B14: PCB, resistor, kapasitor, terminal | D14: 1 | E14: 50000 | F14: =D14*E14 -> 50000
A15: 11 | B15: Adaptor 12 V, charger, aki 7 Ah, 2 step-down | C15: catu daya PLN + cadangan | D15: 1 | E15: 390000 | F15: =D15*E15 -> 390000
A16: 12 | B16: Box IP65, kabel, klem | D16: 1 | E16: 220000 | F16: =D16*E16 -> 220000
A17: 13 | B17: Jasa tukang pipa | C17: tarif rencana per lokasi | D17: 1 | E17: 250000 | F17: =D17*E17 -> 250000
B18: Per lokasi dengan keluaran DN40 | F18: =SUM(F5:F17) -> 4950000
A20: Lokasi | B20: Meter keluar | C20: Meter masuk | D20: Penyesuaian (Rp) | F20: Biaya lokasi (Rp)
A21: Mander, Tambakboyo | B21: DN40 | C21: DN20 | D21: -50000 | F21: ='Biaya dasar'!F18+D21 -> 4900000
A22: Bader, Jatirogo | B22: DN40 | C22: DN25 | D22: 0 | F22: ='Biaya dasar'!F18+D22 -> 4950000
A23: Tuwiri Kulon, Merakurak | B23: DN15 | C23: DN25 | D23: -1100000 | F23: ='Biaya dasar'!F18+D23 -> 3850000
A24: Kabluan, Bangilan | B24: DN40 | C24: DN20 | D24: -50000 | F24: ='Biaya dasar'!F18+D24 -> 4900000
A25: Ngulahan, Tambakboyo | B25: DN40 | C25: DN25 | D25: 0 | F25: ='Biaya dasar'!F18+D25 -> 4950000
A26: Lima lokasi | F26: =SUM(F21:F25) -> 23550000
A27: Perjalanan tim Surabaya–Tuban | B27: 3 kunjungan × 5 desa | D27: 3 | E27: 1500000 | F27: =D27*E27 -> 4500000
A28: Cadangan komponen (mitigasi) | B28: 1 sensor level, 1 modul 4G, 1 ESP32 | F28: =E8+E11+E10 -> 855000
A29: BIAYA DASAR (cost estimate) | F29: ='Biaya dasar'!F26+'Biaya dasar'!F27+'Biaya dasar'!F28 -> 28905000

Sheet Daftar risiko
A1: Daftar risiko dan cadangan risiko (contingency reserve) — nilai harapan = peluang × dampak biaya
A2: Ubah sel biru (peluang dan dampak) sesuai kondisi lapangan. Dampak = biaya tambahan bila risiko terjadi, dihitung dari rumus di kolom Cara menghitung dampak.
A4: ID | B4: Risiko | C4: Pemicu / sumber | D4: Cara menghitung dampak | E4: Peluang | F4: Dampak biaya (Rp) | G4: Nilai harapan (Rp) | H4: Dampak jadwal (hari) | I4: Mitigasi (dicantumkan dalam biaya dasar atau rencana)
A5: R1 | B5: Komponen terlambat datang (water meter, sensor level, modul 4G) | C5: Stok penjual kosong, pengiriman impor 2–4 minggu | D5: Satu kunjungan tambahan untuk memasang komponen yang tertinggal: 1 × biaya kunjungan | E5: 0.3 | F5: 1500000 | G5: =E5*F5 -> 450000 | H5: 14 | I5: Pesan di minggu ke-2, pilih penjual stok siap, cadangan 1 unit sensor dan modul
A6: R2 | B6: Komponen rusak saat datang atau saat uji (DOA) | C6: Sensor level, modul 4G | D6: Harga pengganti + ongkir kilat: 500.000 + 100.000 | E6: 0.25 | F6: 600000 | G6: =E6*F6 -> 150000 | H6: 5 | I6: Uji semua komponen di lab sebelum berangkat; cadangan 1 unit
A7: R3 | B7: Tukang pipa tidak hadir saat pemasangan, pengganti lokal lebih mahal | C7: Pelanggaran kehadiran, 2 kunjungan pemasangan | D7: Selisih tarif pengganti (450.000 − 250.000) + setengah hari tim menunggu (200.000), per kunjungan; 2 kunjungan | E7: 0.4 | F7: 800000 | G7: =E7*F7 -> 320000 | H7: 1 | I7: Kontrak dengan uang muka, dua kontak tukang per desa, konfirmasi H-1
A8: R4 | B8: Anggota tim mahasiswa tidak hadir atau mengundurkan diri | C8: Jadwal kuliah, sakit, pelanggaran kehadiran | D8: Honor asisten lapangan pengganti 1 kunjungan 500.000 + lembur perakitan 250.000 | E8: 0.3 | F8: 750000 | G8: =E8*F8 -> 225000 | H8: 3 | I8: Tim 4 orang untuk kebutuhan 3; jadwal pemasangan di luar minggu ujian
A9: R5 | B9: Sinyal IM3 lemah di salah satu rumah pompa | C9: Lokasi di lembah atau jauh dari BTS | D9: Antena eksternal + kabel 200.000 + kunjungan ulang sebagian 500.000 | E9: 0.4 | F9: 700000 | G9: =E9*F9 -> 280000 | H9: 7 | I9: Cek sinyal saat survei; bawa antena cadangan saat pemasangan
A10: R6 | B10: Ukuran pipa di lapangan berbeda dari catatan survei | C10: Catatan survei keliru, pipa sudah diganti | D10: Beli ulang satu meter + modul pulsa 1.200.000 | E10: 0.2 | F10: 1200000 | G10: =E10*F10 -> 240000 | H10: 10 | I10: Ukur ulang dan foto pipa saat survei; beli meter setelah survei
A11: R7 | B11: Kenaikan harga komponen atau ongkos kirim | C11: Kurs, harga marketplace berubah | D11: 10% dari 60% komponen yang belum terbeli: 0,1 × 0,6 × 20.000.000 | E11: 0.4 | F11: 1200000 | G11: =E11*F11 -> 480000 | H11: 0 | I11: Beli komponen utama di minggu pertama setelah dana cair
A12: R8 | B12: Akses lokasi tertunda (izin desa, hujan, jalan rusak) | C12: Musim hujan November–Januari di Tuban | D12: Satu kunjungan ulang 1.500.000 | E12: 0.25 | F12: 1500000 | G12: =E12*F12 -> 375000 | H12: 7 | I12: Koordinasi dengan kepala desa sebelum berangkat; pemasangan 3 lokasi per kunjungan
A13: R9 | B13: Kalibrasi level gagal, sensor tidak cocok dengan nipel toren | C13: Ulir nipel berbeda, toren tanpa nipel bawah | D13: Fitting adaptor 150.000 + setengah hari kerja 350.000 | E13: 0.3 | F13: 500000 | G13: =E13*F13 -> 150000 | H13: 3 | I13: Bawa set adaptor ulir ¼, ½, ¾ inci; foto nipel saat survei
B14: CADANGAN RISIKO (jumlah nilai harapan) | G14: =SUM(G5:G13) -> 2670000
B15: Dampak terburuk bila semua terjadi | F15: =SUM(F5:F13) -> 8750000
B16: Buffer jadwal yang disarankan (hari) = jumlah dampak jadwal × peluang | H16: =SUMPRODUCT(E5:E13,H5:H13) -> 14.2

Sheet Anggaran total
A1: Anggaran total dengan konsep manajemen proyek (PMBOK: cost baseline + management reserve)
A4: Komponen anggaran | B4: Nilai | C4: Sumber
A5: Biaya dasar (estimasi bottom-up, termasuk cadangan komponen) | B5: ='Biaya dasar'!F29 -> 28905000 | C5: Biaya dasar
A6: Cadangan risiko (contingency reserve) = Σ peluang × dampak dari daftar risiko | B6: ='Daftar risiko'!G14 -> 2670000 | C6: Daftar risiko
A7: Cadangan risiko sebagai persen biaya dasar | B7: =B6/B5 -> 0.092371562 | C7: rumus
A8: COST BASELINE = biaya dasar + cadangan risiko | B8: =B5+B6 -> 31575000 | C8: rumus
A9: Persen cadangan manajemen (risiko yang belum teridentifikasi) | B9: 0.05 | C9: masukan
A10: Cadangan manajemen (management reserve) = persen × cost baseline | B10: =B9*B8 -> 1578750 | C10: rumus
A11: ANGGARAN TOTAL YANG DIAJUKAN = cost baseline + cadangan manajemen | B11: =B8+B10 -> 33153750 | C11: rumus
A12: Pembulatan ke atas (Rp100.000) | B12: =CEILING(B11,100000) -> 33200000 | C12: rumus
A14: Aturan pemakaian cadangan
A15: • Cadangan risiko dipakai ketua tim untuk risiko yang ada di daftar, dicatat tanggal, risiko, dan nominalnya di log proyek.
A16: • Cadangan manajemen hanya dipakai untuk kejadian di luar daftar risiko, dengan persetujuan pengusul/LPPM.
A17: • Sisa cadangan yang tidak terpakai dikembalikan atau dialihkan ke tahap lanjutan (meteran per rumah) dengan persetujuan pemberi dana.
A18: • Setiap akhir minggu, biaya aktual dibandingkan dengan cost baseline (earned value sederhana: rencana vs realisasi) untuk melihat apakah cadangan mulai terpakai.
